time,open,high,low,close,volume
1772668800,80.63470559534386,80.63470559534386,80.63470559534386,80.63470559534386,1
