time,open,high,low,close,volume
1772668800,80.63470559534386,80.63470559534386,80.63470559534386,80.63470559534386,1
1772668800,84.79113609790136,84.79113609790136,84.79113609790136,84.79113609790136,1
