time,open,high,low,close,volume
1772668800,80.63470559534386,80.63470559534386,80.63470559534386,80.63470559534386,1
1772668800,84.79113609790136,84.79113609790136,84.79113609790136,84.79113609790136,1
1772755200,84.6821229729932,84.6821229729932,84.6821229729932,84.6821229729932,1
1773014400,83.42156113538198,83.42156113538198,83.42156113538198,83.42156113538198,1
1773100800,85.83925332192484,85.83925332192484,85.83925332192484,85.83925332192484,1
1773187200,86.19459596166756,86.19459596166756,86.19459596166756,86.19459596166756,1
