time,open,high,low,close,volume
1772668800,89.16319964925134,89.16319964925134,89.16319964925134,89.16319964925134,1
