time,open,high,low,close,volume
1772668800,89.16319964925134,89.16319964925134,89.16319964925134,89.16319964925134,1
1772668800,94.42445804314626,94.42445804314626,94.42445804314626,94.42445804314626,1
1772755200,94.74448724708586,94.74448724708586,94.74448724708586,94.74448724708586,1
1773014400,92.82652502546372,92.82652502546372,92.82652502546372,92.82652502546372,1
1773100800,95.41029128905213,95.41029128905213,95.41029128905213,95.41029128905213,1
1773187200,95.41712291143652,95.41712291143652,95.41712291143652,95.41712291143652,1
1773273600,94.83893135964685,94.83893135964685,94.83893135964685,94.83893135964685,1
