time,open,high,low,close,volume
1772668800,89.16319964925134,89.16319964925134,89.16319964925134,89.16319964925134,1
1772668800,94.42445804314626,94.42445804314626,94.42445804314626,94.42445804314626,1
1772755200,94.74448724708586,94.74448724708586,94.74448724708586,94.74448724708586,1
