time,open,high,low,close,volume
1772668800,99.58884181008987,99.58884181008987,99.58884181008987,99.58884181008987,1
