time,open,high,low,close,volume
1772668800,99.58884181008987,99.58884181008987,99.58884181008987,99.58884181008987,1
1772668800,105.8205138428783,105.8205138428783,105.8205138428783,105.8205138428783,1
1772755200,105.75902609353842,105.75902609353842,105.75902609353842,105.75902609353842,1
1773014400,103.44418878534363,103.44418878534363,103.44418878534363,103.44418878534363,1
