time,open,high,low,close,volume
1772668800,164.2717995844641,164.2717995844641,164.2717995844641,164.2717995844641,1
