time,open,high,low,close,volume
1772668800,164.2717995844641,164.2717995844641,164.2717995844641,164.2717995844641,1
1772668800,179.39016590599414,179.39016590599414,179.39016590599414,179.39016590599414,1
1772755200,178.43889704390193,178.43889704390193,178.43889704390193,178.43889704390193,1
1773014400,173.47570845885073,173.47570845885073,173.47570845885073,173.47570845885073,1
