time,open,high,low,close,volume
1772668800,119.354842872675,119.354842872675,119.354842872675,119.354842872675,1
