time,open,high,low,close,volume
1772668800,119.354842872675,119.354842872675,119.354842872675,119.354842872675,1
1772668800,127.19614774358125,127.19614774358125,127.19614774358125,127.19614774358125,1
1772755200,126.22646573616849,126.22646573616849,126.22646573616849,126.22646573616849,1
