time,open,high,low,close,volume
1772668800,164.2717995844641,164.2717995844641,164.2717995844641,164.2717995844641,1
1772668800,179.39016590599414,179.39016590599414,179.39016590599414,179.39016590599414,1
